{
  "cli": {
    "requireCommit": false,
    "appVersionSource": "remote"
  },
  "build": {
    "development": {
      "developmentClient": true,
      "distribution": "internal",
      "android": {
        "buildType": "apk"
      }
    },
    "preview": {
      "distribution": "internal",
      "android": {
        "buildType": "apk"
      }
    },
    "production": {
      "autoIncrement": true,
      "android": {
        "buildType": "apk",
        "gradleCommand": ":app:assembleRelease"
      }
    }
  }
}